{
  "run_name": "benchmark_full_10sensors",
  "sensor_names": [
    "Sensor1",
    "Sensor2",
    "Sensor3",
    "Sensor4",
    "Sensor5",
    "Sensor6",
    "Sensor7",
    "Sensor8",
    "Sensor9",
    "Sensor10"
  ],
  "Fn_oma_Hz": [
    2.9094276588323176,
    3.787044047765943,
    4.463002542573991,
    4.998600493120355,
    5.433191475683645,
    6.248177059674141,
    6.577032885048509,
    6.94241175481875,
    7.3507886704283925,
    8.331226710406625,
    8.331126403177263,
    9.612613889395028
  ],
  "Phi_oma": {
    "__complex_array__": true,
    "real": [
      [
        0.37164269914857995,
        0.5935513456587268,
        -0.33275364387553724,
        -0.6632964323178556,
        -0.42258022290980485,
        -0.8911093125256146,
        1.0,
        0.9279162697270018,
        -0.6536465154107177,
        0.843884633741793,
        0.9383818745122876,
        0.9757642757157685
      ],
      [
        -0.9154544224960632,
        -0.9512396111454726,
        -0.9219518235161472,
        0.3233948722360386,
        -0.5894886253113228,
        -0.5654023202786104,
        0.5500749828132059,
        0.7043811731247067,
        0.4184084275066716,
        -0.840897229592311,
        -0.6675350784688123,
        -0.8070366119952
      ],
      [
        0.7186357440400568,
        0.20831112334931548,
        -0.8833001879487327,
        0.6442081710769046,
        -0.01668680708926007,
        0.8541955778085466,
        -0.13905467193656795,
        0.35553105225462395,
        0.4579874615245391,
        0.48379061427859127,
        0.43815691408297863,
        0.9999999999999999
      ],
      [
        0.9999999999999999,
        -0.04794323827174818,
        -0.9405107957211494,
        1.0,
        0.31224363963579405,
        1.0,
        0.1493614198974704,
        0.6617180130646146,
        -0.019193165277073394,
        0.8208960035147522,
        0.7444637043603709,
        -0.06375857020976151
      ],
      [
        0.6887719659459973,
        -0.23218665043582215,
        -0.8481980411442105,
        0.6565235183589773,
        0.47929245546816,
        0.7619754366341126,
        0.2840330412261024,
        0.3779509083349464,
        -0.5125070101673551,
        0.512620717692232,
        0.4708952142918232,
        -0.9902917905143266
      ],
      [
        -0.8142469532108642,
        1.0,
        -0.7193305643650206,
        0.46838214965066843,
        1.0,
        -0.3707210026973757,
        -0.22407680242152295,
        0.6991455395713506,
        -0.22216292845514973,
        -0.8167414168871563,
        -0.7558220784370812,
        0.758663111540756
      ],
      [
        0.3448508329675657,
        -0.6328939981401219,
        -0.31577453539381856,
        -0.7085409718438626,
        0.2328593802393032,
        -0.6152189534697273,
        -0.6848275347233306,
        1.0,
        0.9999999999999999,
        1.0,
        1.0,
        -0.7908661812525151
      ],
      [
        -0.8316516426892955,
        -0.9278610381790812,
        0.8424347997728848,
        0.2255428347114143,
        0.6488860271894838,
        0.3095424413264918,
        0.5663080209751373,
        0.7600839026783995,
        -0.2821734389605972,
        0.8355030487681052,
        0.7909519081717855,
        0.7700661403882965
      ],
      [
        0.9769989607036698,
        -0.08450643944343017,
        0.9999999999999999,
        0.8494550028775278,
        0.0662165820321141,
        -0.9786130903287737,
        0.11382484380433074,
        0.5799148397377791,
        0.09194478172542503,
        -0.8297477632855367,
        -0.6914766679382857,
        0.08128412580629318
      ],
      [
        -0.7583370500675276,
        0.9287756465249987,
        0.7441524917953714,
        0.2338965653251574,
        -0.7626089825493237,
        0.5480915882744142,
        -0.27986928012658085,
        0.7310047456165081,
        0.4028341322549547,
        0.8696707383622725,
        0.7234700768416512,
        -0.7195480757299924
      ]
    ],
    "imag": [
      [
        0.004187773022451127,
        0.02453931083670924,
        -0.039208070703798205,
        -0.10094352790651048,
        -0.1453784918865391,
        0.060052163822632454,
        -0.0,
        0.005142027036166392,
        -0.23011873844142128,
        0.31512051803722696,
        0.31115165077821455,
        -0.15444481217515338
      ],
      [
        -0.012294660631788485,
        -0.01785197194913776,
        0.001030695868226712,
        -0.12966437274825662,
        0.254932113365196,
        -0.001311973552524138,
        0.05381780347196626,
        0.15982766158855016,
        0.11112394743773647,
        -0.34742669074772253,
        -0.19688413820090847,
        0.07947843642236883
      ],
      [
        0.00036643059196659033,
        0.005428726835936223,
        0.033359554652153754,
        -0.013072296139844067,
        0.22613532641457873,
        -0.042199900071805595,
        -0.012427907759590594,
        0.139324093057811,
        0.13720912071792882,
        0.16796322327044938,
        0.1393351540832401,
        1.7210609720090357e-17
      ],
      [
        -0.0,
        -0.0017107010870401178,
        0.04622371955312681,
        0.0,
        0.21665382124426472,
        8.044230920816622e-18,
        -0.0021107179809547513,
        0.14428152688274817,
        -0.01511722089648658,
        0.25558793422161885,
        0.19442369412546412,
        -0.13424942816192786
      ],
      [
        -0.0056815017248875105,
        -0.004510855131596779,
        0.01759912540505823,
        0.0014538094162744038,
        0.07713513621470784,
        0.043571548009556635,
        -0.012297914722674077,
        -0.0035881594200215037,
        -0.1622355362665826,
        0.1305898007635649,
        0.11242256691228764,
        -0.12569862148231478
      ],
      [
        0.004758231962028174,
        -0.0,
        0.0128055216344212,
        0.034292064136124775,
        0.0,
        -0.15687981546199367,
        0.07375524198930873,
        -0.01928220764960931,
        -0.05318324028852471,
        -0.34417907731043523,
        -0.10470331065602789,
        0.05623858601040879
      ],
      [
        0.02339378174068318,
        0.008586037463663323,
        -0.031847843486092015,
        0.17886682678466484,
        -0.1038620015002926,
        -0.15314996535232384,
        0.3027141913363019,
        -0.0,
        0.0,
        -0.0,
        -0.0,
        0.3219198821364307
      ],
      [
        -0.03892379843053135,
        0.009774575959694077,
        -0.07168698357969772,
        0.0435376947612636,
        -0.26111935511208945,
        -0.009840447658908848,
        -0.10854846507580106,
        -0.0023103304372752015,
        -0.048854431781110465,
        0.05643771705371059,
        -0.0495298081982035,
        -0.4295753989569595
      ],
      [
        0.044775230316061364,
        -0.006455738109787309,
        0.0,
        -0.0598816216480876,
        0.06642106264047572,
        0.09862591699215979,
        0.040743541561867415,
        -0.04117080647524392,
        -0.005893138245459757,
        -0.06577410738810271,
        0.1260352129137586,
        0.06883449294476772
      ],
      [
        -0.032866607381931055,
        -0.0214804062590457,
        -0.0035857882015086127,
        -0.13600767497654379,
        0.31081373340590274,
        -0.2031236660559858,
        0.11125901034453665,
        0.1371860252945509,
        0.0024728859265967145,
        0.014805442446121458,
        -0.005849705334065108,
        0.19858638044165455
      ]
    ]
  },