mode_index,frequency_Hz
1,2.9094276588323176
2,3.787044047765943
3,4.463002542573991
4,4.998600493120355
5,5.433191475683645
6,6.248177059674141
7,6.577032885048509
8,6.94241175481875
9,7.3507886704283925
10,8.331226710406625
11,8.331126403177263
12,9.612613889395028
