{
  "run_name": "subset_30",
  "sensor_names": [
    "Sensor2",
    "Sensor3",
    "Sensor8"
  ],
  "Fn_oma_Hz": [
    2.8451271626343297,
    3.7884315020837867,
    4.628338656816472,
    5.2068154917301355,
    5.207017556303766,
    5.950642758416174,
    6.577098179868688,
    6.942427228596231,
    7.350788639576652,
    8.331560712820147,
    9.6132632605899
  ],
  "Phi_oma": {
    "__complex_array__": true,
    "real": [
      [
        1.0,
        0.9999999999999999,
        1.0,
        0.5769615315263262,
        0.9999999999999999,
        -0.6926908819301882,
        0.9539393284413503,
        0.9561451837358018,
        0.9418921549689954,
        1.0,
        -0.802538553203402
      ],
      [
        -0.7839563451092721,
        -0.22007603452857183,
        0.9827660945994273,
        1.0,
        0.5453771923449938,
        0.9999999999999999,
        -0.1659278651859752,
        0.47424318884599714,
        1.0,
        -0.5342090311970475,
        1.0
      ],
      [
        0.9087382304171532,
        0.9751713097671467,
        -0.8913978086531793,
        0.39914574778763867,
        -0.6911864750379235,
        0.32981241797830857,
        1.0,
        1.0,
        -0.4603677172492418,
        -0.8465455958498319,
        0.7700191400490248
      ]
    ],
    "imag": [
      [
        -0.0,
        -0.0,
        -0.0,
        -0.16287034791053068,
        -0.0,
        -0.02892101615158924,
        0.24992190166708983,
        0.23704418695942392,
        -0.06634287802710595,
        -2.7727080359414526e-34,
        0.07480486850972422
      ],
      [
        0.010100570566136996,
        -0.001487342867426884,
        -0.068430668611289,
        -3.291864353951768e-17,
        0.1300317709299496,
        0.0,
        -0.038940624367979015,
        0.17376254953295517,
        -0.0,
        0.024269779469076283,
        0.0
      ],
      [
        0.030154640873091727,
        -0.029286855131358147,
        0.10259478723386868,
        0.0021091074537104397,
        0.383119200643645,
        0.0008226097450787761,
        3.798513665376037e-17,
        -0.0,
        0.0191255647611765,
        0.2646670342372463,
        -0.4226180506105966
      ]
    ]
  },
  "Phi_oma_real": [
    [
      -0.6400920620700874,
      -0.7070731590889746,
      -0.5998941001621164,
      0.4788497108970321,
      -0.7405419073234486,
      0.5497856728641599,
      -0.6969842436935706,
      -0.6633598570358917,
      -0.650911627822773,
      -0.6966697157841922,
      0.5286739645524414
    ],
    [
      0.5017525960334065,
      0.15559500360596998,
      -0.591920922099059,
      0.8153842225535691,
      -0.3924518245461676,
      -0.7932720708239006,
      0.12082154762263729,
      -0.33456280386173837,
      -0.6894170121364348,
      0.3742118538600149,
      -0.6477881544032629
    ],
    [
      -0.5818302883561498,
      -0.6898099321905967,
      0.5382905261771603,
      0.32534831178990375,
      0.5455082482494036,
      -0.2616393234283857,
      -0.7068345758895586,
      -0.6693440298870927,
      0.31783366112162953,
      0.6120594705907455,
      -0.5485201420360224
    ]
  ],
  "FIM": [
    [
      0.9999999999999999,
      0.9320144251821865,
      -0.22620413977828277,
      -0.08668425050371854,
      -0.04029194665571341,
      -0.5977100829412535,
      0.9180143720625288,
      0.6461882533294542,
      -0.11419866021026312,
      0.2775797858338957,
      -0.3442837638746916
    ],
    [
      0.9320144251821865,
      0.9999999999999998,
      -0.039249072849094374,
      -0.4361405636584517,
      0.08625675505920276,
      -0.3316864593017509,
      0.9991995910260214,
      0.8787078089224841,
      0.133727482256809,
      0.12861724962707793,
      -0.09622912848142258
    ],
    [
      -0.22620413977828277,
      -0.039249072849094374,
      0.9999999999999998,
      -0.5947701833661595,
      0.9701890889751158,
      -0.0010968149442576226,
      -0.03388242195629951,
      0.2356788378406392,
      0.9696452474743527,
      0.5258900411393437,
      -0.22897222644043977
    ],
    [
      -0.08668425050371854,
      -0.4361405636584517,
      -0.5947701833661595,
      1.0,
      -0.4971271164408655,
      -0.46868073241115066,
      -0.4652021558968502,
      -0.8082168576148957,
      -0.7704219541825963,
      0.17065886500772134,
      -0.4535009677669697
    ],
    [
      -0.04029194665571341,
      0.08625675505920276,
      0.9701890889751158,
      -0.4971271164408655,
      1.0,
      -0.23854466824215187,
      0.08314531309460915,
      0.2574128673520859,
      0.925971186366153,
      0.7029364849135588,
      -0.4365018447585438
    ],
    [
      -0.5977100829412535,
      -0.3316864593017509,
      -0.0010968149442576226,
      -0.46868073241115066,
      -0.23854466824215187,
      1.0,
      -0.2941005904660113,
      0.07582030200898916,
      0.105875589542417,
      -0.8400096664781787,
      0.948044060875043
    ],
    [
      0.9180143720625288,
      0.9991995910260214,
      -0.03388242195629951,
      -0.4652021558968502,
      0.08314531309460915,
      -0.2941005904660113,
      0.9999999999999999,
      0.8950444760027433,
      0.1457228972033751,
      0.0981558739679658,
      -0.05903118872776674
    ],
    [
      0.6461882533294542,
      0.8787078089224841,
      0.2356788378406392,
      -0.8082168576148957,
      0.2574128673520859,
      0.07582030200898916,
      0.8950444760027433,
      1.0,
      0.44970186941694196,
      -0.07273299657763871,
      0.23317341804610242
    ],
    [
      -0.11419866021026312,
      0.133727482256809,
      0.9696452474743527,
      -0.7704219541825963,
      0.925971186366153,
      0.105875589542417,
      0.1457228972033751,
      0.44970186941694196,
      1.0000000000000002,
      0.39001550292373255,
      -0.07186202189054093
    ],
    [
      0.2775797858338957,
      0.12861724962707793,
      0.5258900411393437,
      0.17065886500772134,
      0.7029364849135588,
      -0.8400096664781787,
      0.0981558739679658,
      -0.07273299657763871,
      0.39001550292373255,
      0.9999999999999999,
      -0.9464480945379825
    ],
    [
      -0.3442837638746916,
      -0.09622912848142258,
      -0.22897222644043977,
      -0.4535009677669697,
      -0.4365018447585438,
      0.948044060875043,
      -0.05903118872776674,
      0.23317341804610242,
      -0.07186202189054093,
      -0.9464480945379825,
      0.9999999999999998
    ]
  ],
  "detFIM": 1.5649271838494992e-126,
  "Ed": {
    "__complex_array__": true,
    "real": [
      0.9999999999999979,
      1.0000000000000047,
      0.9999999999999994
    ],
    "imag": [
      0.0,
      0.0,
      0.0
    ]
  }
}