mode_index,frequency_Hz
1,2.907683442734844
2,3.787843017509739
3,4.462987274401896
4,4.99856210766265
5,5.433207112407079
6,6.577152411953696
7,6.945455638900188
8,7.350788765785208
9,8.331219653786137
10,9.61282516785162
