{
  "run_name": "subset_3",
  "sensor_names": [
    "Sensor1",
    "Sensor2",
    "Sensor6"
  ],
  "Fn_oma_Hz": [
    2.907683442734844,
    3.787843017509739,
    4.462987274401896,
    4.99856210766265,
    5.433207112407079,
    6.577152411953696,
    6.945455638900188,
    7.350788765785208,
    8.331219653786137,
    9.61282516785162
  ],
  "Phi_oma": {
    "__complex_array__": true,
    "real": [
      [
        -0.4061814470526973,
        0.5930930309163392,
        0.3642997955619565,
        1.0,
        -0.4282947724678126,
        1.0,
        1.0,
        1.0,
        -0.9729934154773799,
        1.0
      ],
      [
        1.0,
        -0.9504175513624833,
        1.0,
        -0.42928562343095866,
        -0.5931553862334511,
        0.5656535677783702,
        0.6907131541661081,
        -0.49932119580553436,
        1.0,
        -0.8346580283792598
      ],
      [
        0.88846612016835,
        1.0,
        0.7499628182916873,
        -0.71169799692489,
        1.0,
        -0.20019781998986963,
        0.8214948461753045,
        0.3497656956819555,
        0.9778342374926067,
        0.7541402124764203
      ]
    ],
    "imag": [
      [
        0.0009895920496951383,
        0.024702386245712783,
        0.05167570955939929,
        -0.0,
        -0.14029647862989492,
        -0.0,
        -0.0,
        -0.0,
        0.02561930773078266,
        -0.0
      ],
      [
        0.0,
        -0.018177849530419357,
        1.7904071047162213e-17,
        0.28471271448388047,
        0.2508465556060695,
        0.05689843744650445,
        0.06767635369916233,
        0.0617867487535885,
        0.0,
        -0.006843471720647688
      ],
      [
        -0.017171145853114612,
        -0.0,
        0.009052514673248508,
        0.06584441104341986,
        0.0,
        0.07540424349930518,
        0.21173444658849463,
        -0.04253234044181914,
        0.009456529771044648,
        0.13639860152512145
      ]
    ]
  },
  "Phi_oma_real": [
    [
      -0.29053530047201875,
      -0.3951058502559731,
      -0.28034032620230925,
      -0.7609554378959488,
      -0.3375547825259459,
      -0.8573426612192434,
      -0.6744607840108428,
      0.8528890783143434,
      -0.571142874595865,
      -0.6628632405014246
    ],
    [
      0.715270554856423,
      0.6329459444395107,
      -0.7678837532535167,
      0.3492379908874192,
      -0.48926498204981583,
      -0.4855758270267606,
      -0.4705982441111935,
      -0.42762765836711836,
      0.5869121263816093,
      0.5534828366644843
    ],
    [
      0.6355920645626553,
      -0.6657858503385908,
      -0.5759894469467953,
      0.5467903137926857,
      0.8041620148537574,
      0.17082060022369433,
      -0.5688936134910821,
      0.29952429933406916,
      0.5738727844257729,
      -0.5042510028842643
    ]
  ],
  "FIM": [
    [
      1.0,
      0.14435159062243516,
      -0.8338901990984794,
      0.818419652740258,
      0.25923374024811735,
      0.01034243442852539,
      -0.5022346669559944,
      -0.3632885893091388,
      0.9504871168215955,
      0.2679772104544511
    ],
    [
      0.14435159062243516,
      1.0,
      0.008220819243923757,
      0.15766146124781175,
      -0.7117081076562204,
      -0.08233208788798241,
      0.34738146967073325,
      -0.8070656968842579,
      0.21506916145536098,
      0.9479490437647935
    ],
    [
      -0.8338901990984794,
      0.008220819243923757,
      0.9999999999999999,
      -0.36979313397349123,
      0.007140014405163964,
      0.5148226468098825,
      0.8781200199691752,
      -0.08325370664763135,
      -0.6211105743828015,
      0.05126007536403611
    ],
    [
      0.818419652740258,
      0.15766146124781175,
      -0.36979313397349123,
      1.0,
      0.5257022284503005,
      0.5762210835392133,
      0.037818298516631675,
      -0.6345774206999775,
      0.9533743679574743,
      0.4219870572108999
    ],
    [
      0.25923374024811735,
      -0.7117081076562204,
      0.007140014405163964,
      0.5257022284503005,
      0.9999999999999999,
      0.6643428019065641,
      0.00043207026437360157,
      0.16219251529598536,
      0.367123152440099,
      -0.45254661562506565
    ],
    [
      0.01034243442852539,
      -0.08233208788798241,
      0.5148226468098825,
      0.5762210835392133,
      0.6643428019065641,
      1.0,
      0.7095763865135344,
      -0.4724076176618891,
      0.3027041043702962,
      0.21340658950133856
    ],
    [
      -0.5022346669559944,
      0.34738146967073325,
      0.8781200199691752,
      0.037818298516631675,
      0.00043207026437360157,
      0.7095763865135344,
      0.9999999999999999,
      -0.5443968722497731,
      -0.21745890715678545,
      0.47347238493790106
    ],
    [
      -0.3632885893091388,
      -0.8070656968842579,
      -0.08325370664763135,
      -0.6345774206999775,
      0.16219251529598536,
      -0.4724076176618891,
      -0.5443968722497731,
      1.0,
      -0.5662125345096848,
      -0.9530688159563535
    ],
    [
      0.9504871168215955,
      0.21506916145536098,
      -0.6211105743828015,
      0.9533743679574743,
      0.367123152440099,
      0.3027041043702962,
      -0.21745890715678545,
      -0.5662125345096848,
      0.9999999999999997,
      0.41405947815171007
    ],
    [
      0.2679772104544511,
      0.9479490437647935,
      0.05126007536403611,
      0.4219870572108999,
      -0.45254661562506565,
      0.21340658950133856,
      0.47347238493790106,
      -0.9530688159563535,
      0.41405947815171007,
      1.0
    ]
  ],
  "detFIM": 1.2397020887175995e-111,
  "Ed": {
    "__complex_array__": true,
    "real": [
      1.000000000000005,
      0.9999999999999986,
      1.0000000000000102
    ],
    "imag": [
      0.0,
      0.0,
      0.0
    ]
  }
}