mode_index,frequency_Hz
1,2.977066236488256
2,3.788021632803904
3,4.628288345813803
4,4.998658722964476
5,5.206809864232076
6,5.433191508872824
7,5.95064103404722
8,5.9506405421185615
9,6.5770439147691055
10,7.351158765636382
11,7.351400745640791
12,8.331063514338597
13,8.331733224966218
14,9.612683564707128
15,9.61265559112948
