{
  "run_name": "subset_2",
  "sensor_names": [
    "Sensor2",
    "Sensor3",
    "Sensor7"
  ],
  "Fn_oma_Hz": [
    2.977066236488256,
    3.788021632803904,
    4.628288345813803,
    4.998658722964476,
    5.206809864232076,
    5.433191508872824,
    5.95064103404722,
    5.9506405421185615,
    6.5770439147691055,
    7.351158765636382,
    7.351400745640791,
    8.331063514338597,
    8.331733224966218,
    9.612683564707128,
    9.61265559112948
  ],
  "Phi_oma": {
    "__complex_array__": true,
    "real": [
      [
        0.9999999999999999,
        0.9999999999999999,
        0.9999999999999999,
        0.6627381256867754,
        1.0,
        1.0,
        -0.5155558876351037,
        0.4876576490189706,
        -0.5926486031398062,
        0.652688201902337,
        0.43045538299119446,
        -0.8262216145062166,
        -0.5387204621230927,
        -0.8553106137914809,
        -0.7515384215919488
      ],
      [
        -0.7842844552044432,
        -0.22297111762839011,
        0.9261088318036846,
        1.0,
        0.5814954805042588,
        0.2529747038192995,
        -0.5755139217024219,
        -0.7009749760462466,
        0.28291696317535775,
        0.36875683890261085,
        0.44954940447492575,
        0.48570037864709736,
        0.3370823573723131,
        1.0,
        1.0
      ],
      [
        -0.37630454768378074,
        0.6624469927018635,
        0.32591595518761135,
        -0.8369020998413093,
        -0.6780554832498188,
        -0.45236933071745783,
        1.0,
        1.0,
        1.0,
        1.0,
        1.0,
        1.0,
        1.0,
        -0.8440964612362637,
        -0.8115304466309355
      ]
    ],
    "imag": [
      [
        -0.0,
        -0.0,
        -0.0,
        -0.054968280843212605,
        -0.0,
        -0.0,
        0.11076761676271252,
        0.01874732442498187,
        -0.27162496958081667,
        0.1511277132503539,
        0.12419241365465933,
        -0.3070442704839871,
        -0.15091717916894368,
        0.07127893723313658,
        0.4020983790734021
      ],
      [
        0.009920328562880828,
        0.0028806370297343397,
        -0.04875959475245804,
        -0.0,
        0.12714247313346283,
        -0.1964426122618661,
        0.18106264333156694,
        0.12752120814498372,
        0.056996791919949205,
        0.14030105808439947,
        0.14129807916119738,
        0.17030648541788193,
        0.1726746403495311,
        0.0,
        0.0
      ],
      [
        -0.020724900616959703,
        -0.008961178594016801,
        0.034543140055307474,
        0.19319813573671363,
        -0.0855190734373451,
        -0.022479122734418717,
        0.0,
        -0.0,
        0.0,
        -0.0,
        -0.0,
        0.0,
        0.0,
        0.3505158501901753,
        0.5090943737348381
      ]
    ]
  },
  "Phi_oma_real": [
    [
      0.7544844735784271,
      0.8196142333931141,
      -0.7133633312262865,
      0.45265229516988176,
      -0.7417523068957596,
      -0.8869329729917899,
      -0.4126522768627845,
      -0.3693765281869331,
      -0.5162009059635667,
      -0.529051728975174,
      -0.3717894003864403,
      -0.6167462597866514,
      -0.4629253265348955,
      0.5418684371036747,
      0.5354621974022467
    ],
    [
      -0.5917303654113699,
      -0.18276073646799212,
      -0.6612533840770062,
      0.6777446365016179,
      -0.43829864841683724,
      -0.2299668686924808,
      -0.465266575820824,
      0.5364342005626163,
      0.23873492867289572,
      -0.30317077034574785,
      -0.3891205829915199,
      0.3612670144403957,
      0.2963347047530011,
      -0.6256828380269404,
      -0.6004837872630074
    ],
    [
      -0.28391610341650286,
      0.5429834450746128,
      -0.232070505899485,
      -0.5794550089271193,
      0.507639448832331,
      0.4005810039476663,
      0.7830996819204598,
      -0.7588144232230398,
      0.8225218893828543,
      -0.7925854856583893,
      -0.8428272739136001,
      0.6993641364242945,
      0.835395645674259,
      0.5611591423735109,
      0.593885053177324
    ]
  ],