{
  "subset_1_2_5": {
    "subset_id": 1,
    "subset_indices": [
      1,
      2,
      5
    ],
    "subset_sensors": [
      "Sensor2",
      "Sensor3",
      "Sensor6"
    ],
    "Fn_oma_Hz": [
      2.8692831167096453,
      3.812130260912041,
      4.4753702751998405,
      5.183394427640578,
      5.4102356855894955,
      6.356997444756504,
      6.913873726854147,
      7.285986407646913,
      8.286430315701981,
      9.53769899120962
    ],
    "Phi_oma": [
      [
        1.0,
        -0.9213315888644249,
        1.0,
        1.0,
        -0.53904772397027,
        0.9999999999999999,
        0.8171754740675102,
        0.9371602326807735,
        1.0,
        -0.8253011085487063
      ],
      [
        -0.7697911345247229,
        0.19392376110779325,
        0.9867893288038754,
        0.9584526970418801,
        0.12981068560950654,
        -0.6247716986442856,
        0.5169703373040053,
        0.9999999999999999,
        -0.5794027731090424,
        1.0
      ],
      [
        0.8655467881835557,
        1.0,
        0.6980109354651339,
        0.20300223462111358,
        1.0,
        -0.4833710177179126,
        1.0,
        -0.5413012667761365,
        0.9846142237553825,
        0.8152168184695776
      ]
    ]
  },
  "subset_0_1_2": {
    "subset_id": 2,
    "subset_indices": [
      0,
      1,
      2
    ],
    "subset_sensors": [
      "Sensor1",
      "Sensor2",
      "Sensor3"
    ],
    "Fn_oma_Hz": [
      2.86625543240644,
      3.8064823412721926,
      4.517700312240868,
      5.093600049761305,
      6.371270765840401,
      6.972136393964233,
      7.240768817286555,
      9.535482075838454
    ],
    "Phi_oma": [
      [
        -0.3992708716734939,
        -0.6222384473284082,
        0.3267308885454003,
        -0.908868091035321,
        1.0,
        0.8657561893995579,
        1.0,
        -0.9772884051313157
      ],
      [
        1.0,
        1.0,
        0.9999999999999999,
        0.7539445837471546,
        0.47896443638566943,
        1.0,
        -0.5591091475163106,
        1.0
      ],
      [
        -0.7655545652206358,
        -0.21197971887306452,
        0.9174193251866289,
        0.9999999999999999,
        -0.2560807400193638,
        0.6288746641762571,
        -0.5634739064560729,
        -0.970311025032787
      ]
    ]
  },
  "subset_1_2_6": {
    "subset_id": 3,
    "subset_indices": [
      1,
      2,
      6
    ],
    "subset_sensors": [
      "Sensor2",
      "Sensor3",
      "Sensor7"
    ],
    "Fn_oma_Hz": [
      2.867859847319136,
      3.815242896396129,
      4.509123720334125,
      5.090813483907141,
      5.29928526219391,
      6.068068707404808,
      6.442369950351367,
      7.200777147080605,
      8.27099350629684,
      9.536300455644932
    ],
    "Phi_oma": [
      [
        0.9999999999999999,
        0.9999999999999999,
        1.0,
        -0.6902728192891595,
        1.0,
        0.6666699328554507,
        -0.5709553941807716,
        0.5502805169476938,
        -0.8972991075354955,
        -0.856138278971992
      ],
      [
        -0.7650141229353068,
        -0.20685656030200175,
        0.9513979309489808,
        -0.8595082493378893,
        0.5934355809595665,
        -0.9557979467951478,
        0.20185505203551585,
        0.4160276008288466,
        0.5037665029335898,
        1.0
      ],
      [
        -0.3641699466847741,
        0.6854752289374347,
        0.26626389103782944,
        1.0,
        -0.564960208001004,
        1.0,
        0.9999999999999999,
        1.0,
        1.0,
        -0.90268167817286
      ]
    ]
  },
  "subset_0_1_5": {
    "subset_id": 4,
    "subset_indices": [
      0,
      1,
      5
    ],
    "subset_sensors": [
      "Sensor1",
      "Sensor2",
      "Sensor6"
    ],
    "Fn_oma_Hz": [
      2.86874473401769,
      3.8120287055303463,
      4.4894723037054565,
      5.07661289358347,
      5.365778079505196,
      6.430307867758253,
      6.897940972627464,
      7.245722907650509,
      8.275706453830336,
      9.548295449917175
    ],
    "Phi_oma": [
      [
        -0.40046206342595053,
        0.5738943132538724,
        0.30850718364734786,
        -0.9545854326845513,
        0.5199753530054837,
        1.0,
        1.0,
        0.9999999999999999,
        -0.9097242812113548,
        1.0
      ],
      [
        1.0,
        -0.9150365874775392,
        1.0,
        1.0,
        0.9999999999999999,
        0.4840952423870129,
        0.7503282939766298,
        -0.5326999031003022,
        1.0,
        -0.8705448647580862
      ],
      [
        0.8642272741453831,
        1.0,
        0.699787494803605,
        0.6123276733480851,
        -0.9168490483549944,
        -0.254342495487914,
        0.8559001395802114,
        0.41289531557748294,
        0.9410067979753874,
        0.8669932806447793
      ]
    ]
  }
}