{
  "Fn_oma_Hz": [
    2.8709737663290893,
    3.815737156567997,
    4.501822765933786,
    5.082321121832169,
    5.378120625560336,
    6.076818494545023,
    7.2593657486165215,
    8.269761714011251,
    9.550851005212865
  ],
  "Phi_oma": [
    [
      0.3751494719491263,
      0.5785077040284875,
      -0.353028680334569,
      -0.5842380693603141,
      -0.42036379080066716,
      0.7268482582961846,
      -0.8446490980249728,
      0.8368908325758984,
      1.0
    ],
    [
      -0.9321447083378829,
      -0.917802298632479,
      -0.8865548902315471,
      0.5480404101052725,
      -0.8578359220341474,
      0.5501140189865416,
      0.4920927785014481,
      -0.9517878769879152,
      -0.8392951856154152
    ],
    [
      0.7200893719931997,
      0.19584137962643508,
      -0.8822751677969752,
      0.7035136164121687,
      -0.21450293258663217,
      -0.7297345486730836,
      0.4700881202015813,
      0.5576208299494889,
      0.9743671594578257
    ],
    [
      1.0,
      -0.05256576740868374,
      -0.9585428812874471,
      1.0,
      0.1008243327392804,
      -0.8470801133373462,
      -0.07133650734496705,
      0.8356944212067093,
      -0.015395429704307548
    ],
    [
      0.6892593838617995,
      -0.2310941649640736,
      -0.8650266991237459,
      0.5866405337700376,
      0.35962305998455685,
      -0.7032217221318903,
      -0.5946373247606805,
      0.4671816772404256,
      -0.9234964624221441
    ],
    [
      -0.8145472834049966,
      1.0,
      -0.774771150050641,
      0.33933460861035264,
      1.0,
      0.3675885185464155,
      -0.276379953668828,
      -0.9355771451575878,
      0.8096596304604161
    ],
    [
      0.3412341577065558,
      -0.6279450842250094,
      -0.29744864280303196,
      -0.7582926495500372,
      0.3977453584937665,
      0.6761997975396988,
      1.0,
      1.0,
      -0.8415274206251243
    ],
    [
      -0.8448987793432294,
      -0.889454967494899,
      0.8661749431982865,
      0.09266144000538529,
      0.7068859719426308,
      -0.34288485480943737,
      -0.39520084910323344,
      0.8461564508906981,
      0.8458048833709446
    ],
    [
      0.987435173582294,
      -0.08939453309822433,
      1.0,
      0.8718704585431836,
      0.018708689916188997,
      1.0,
      0.11710617562008116,
      -0.8661974833564567,
      0.02165566788435174
    ],
    [
      -0.7567438397580157,
      0.907562843990055,
      0.7366423387804688,
      0.3995459087330728,
      -0.8106193912077032,
      -0.4093637920679827,
      0.35196779481610724,
      0.8536346365373139,
      -0.7051339890210713
    ]
  ],
  "Phi_oma_real": [
    [
      0.1525866792858158,
      -0.27934976312590687,
      -0.14023058565022165,
      0.28855932689456704,
      -0.22752512279970402,
      -0.3444419488700702,
      0.4955323950426792,
      0.3185032012251809,
      -0.4054309940443471
    ],
    [
      -0.37913652102490736,
      0.4431883152705093,
      -0.35215867263366896,
      -0.27068104621143685,
      -0.4643102659509719,
      -0.26069037469339124,
      -0.28869729889514323,
      -0.36223062065920836,
      0.34027628140069266
    ],
    [
      0.29288604750149055,
      -0.09456787287002394,
      -0.35045867482371323,
      -0.34747036569412526,
      -0.11610135588679402,
      0.34580971644889674,
      -0.2757877710747441,
      0.2122188611650819,
      -0.3950386460231532
    ],
    [
      0.4067356898919159,
      0.025382954404742412,
      -0.38075385117832666,
      -0.49390709374778075,
      0.054571942659497434,
      0.4014179325007087,
      0.0418511668588629,
      0.31804787200392975,
      0.006241784368757279
    ],
    [
      0.28034639100950587,
      0.11159073559945927,
      -0.34360721204362366,
      -0.28974592110900615,
      0.19464873682089218,
      0.33324570526820063,
      0.3488573638561078,
      0.17779960535214734,
      0.374414088756248
    ],
    [
      -0.3313054512653174,
      -0.4828799360503431,
      -0.3077557665103345,
      -0.16759977034677992,
      0.5412576624792937,
      -0.17419441302258112,
      0.1621445174138453,
      -0.3560611541276298,
      -0.3282611088151453
    ],
    [
      0.13879211054946286,
      0.3032220821136998,
      -0.11815299918862798,
      0.3745261187495633,
      0.21528272300032486,
      -0.32044044053444126,
      -0.5866724965448649,
      0.380579149427229,
      0.34118129865961966
    ],
    [
      -0.3436504879050062,
      0.42949995782359685,
      0.3440633192893287,
      -0.04576614253554419,
      0.382607448813072,
      0.16248773561821933,
      0.23185346878004434,
      0.3220295023623446,
      -0.34291551463264525
    ],
    [
      0.40162512655053817,
      0.04316682642572084,
      0.3972215104940585,
      -0.4306230043036088,
      0.01012622177208639,
      -0.47388425980063775,
      -0.06870297241185438,
      -0.32965670145180664,
      -0.008779878957046973
    ],
    [
      -0.30779472773543404,
      -0.43824388806758524,
      0.2926101825042537,
      -0.19733855860116795,
      -0.43875395684546953,
      0.19399105759331817,
      -0.2064898248881563,
      0.32487554389499257,
      0.2858831741032687
    ]
  ],
  "FIM": [
    [
      0.9999999999999998,
      0.009950432372102025,
      -0.20492558425027263,
      -0.22620641365385735,
      0.04226842906172272,
      0.11162277345706581,
      0.04025841337521794,
      0.2550244400156765,
      -0.016639949736021523
    ],
    [
      0.009950432372102025,
      0.9999999999999998,
      0.017704699746114938,
      0.03015048352979134,
      0.05283210575616412,
      -0.05337396385380022,
      -0.2693820283488694,
      0.027376016784285806,
      0.33237772165311064
    ],
    [
      -0.20492558425027263,
      0.017704699746114938,
      1.0000000000000002,
      0.2270336234624286,
      -0.0362873912711357,
      -0.23253025271742722,
      0.004502932237136825,
      -0.0341393512926436,
      -0.03266788586289188
    ],
    [
      -0.22620641365385735,
      0.03015048352979134,
      0.2270336234624286,
      0.9999999999999999,
      0.07164149080755255,
      -0.37627763021775273,
      0.008035761425922792,
      0.17293529575164246,
      -0.03754406970088558
    ],
    [
      0.04226842906172272,
      0.05283210575616412,
      -0.0362873912711357,
      0.07164149080755255,
      1.0,
      0.05502011429691844,
      0.263579829723132,
      -0.010410456129357232,
      -0.3076103683279693
    ],
    [
      0.11162277345706581,
      -0.05337396385380022,
      -0.23253025271742722,
      -0.37627763021775273,
      0.05502011429691844,
      1.0,
      0.13218574641824543,
      0.45667142156241136,
      -0.006637234722223162
    ],
    [
      0.04025841337521794,
      -0.2693820283488694,
      0.004502932237136825,
      0.008035761425922792,
      0.263579829723132,
      0.13218574641824543,
      1.0,
      0.02843353990560067,
      -0.45063820687046297
    ],
    [
      0.2550244400156765,
      0.027376016784285806,
      -0.0341393512926436,
      0.17293529575164246,
      -0.010410456129357232,
      0.45667142156241136,
      0.02843353990560067,
      1.0,
      -0.0355989434183403
    ],
    [
      -0.016639949736021523,
      0.33237772165311064,
      -0.03266788586289188,
      -0.03754406970088558,
      -0.3076103683279693,
      -0.006637234722223162,
      -0.45063820687046297,
      -0.0355989434183403,
      1.0
    ]
  ],
  "detFIM": 0.22785305339478779,
  "Ed": [
    0.9990437721068214,
    0.9999825988805079,
    0.7770384134890886,
    0.5027753341637925,
    0.7421119214435827,
    0.9999994377088138,
    0.9982372937528459,
    0.9960768703115152,
    0.9897289742404738,
    0.9950053839025534
  ],
  "SSI_br": 90,
  "SSI_ordmin": 2,
  "SSI_ordmax": 120,
  "SSI_step": 2
}