{
  "Fn_oma_Hz": [
    2.9094276588323176,
    3.787044047765943,
    4.463002542573991,
    4.998600493120355,
    5.433191475683645,
    6.248177059674141,
    6.577032885048509,
    6.94241175481875,
    7.3507886704283925,
    8.331226710406625,
    8.331126403177263,
    9.612613889395028
  ],
  "Phi_oma": {
    "__complex_array__": true,
    "real": [
      [
        0.37164269914858183,
        0.5935513456587261,
        -0.33275364387553724,
        -0.6632964323178541,
        -0.4225802229098055,
        -0.891109312525615,
        1.0,
        0.9279162697270026,
        -0.653646515410717,
        0.8438846337417929,
        0.9383818745122867,
        0.9757642757157688
      ],
      [
        -0.9154544224960633,
        -0.9512396111454726,
        -0.921951823516147,
        0.3233948722360384,
        -0.5894886253113233,
        -0.5654023202786108,
        0.5500749828132057,
        0.7043811731247069,
        0.41840842750667145,
        -0.8408972295923105,
        -0.667535078468812,
        -0.8070366119952
      ],
      [
        0.7186357440400569,
        0.20831112334931567,
        -0.8833001879487328,
        0.6442081710769048,
        -0.016686807089259893,
        0.8541955778085459,
        -0.13905467193656823,
        0.3555310522546243,
        0.45798746152453906,
        0.4837906142785914,
        0.43815691408297863,
        0.9999999999999999
      ],
      [
        1.0,
        -0.04794323827174793,
        -0.9405107957211489,
        1.0,
        0.3122436396357937,
        1.0,
        0.14936141989747023,
        0.6617180130646149,
        -0.019193165277073324,
        0.8208960035147522,
        0.7444637043603708,
        -0.06375857020976139
      ],
      [
        0.6887719659459975,
        -0.2321866504358222,
        -0.8481980411442103,
        0.6565235183589765,
        0.47929245546815985,
        0.7619754366341124,
        0.28403304122610223,
        0.3779509083349465,
        -0.512507010167355,
        0.5126207176922322,
        0.47089521429182335,
        -0.9902917905143266
      ],
      [
        -0.814246953210864,
        1.0,
        -0.7193305643650211,
        0.46838214965066793,
        1.0,
        -0.3707210026973761,
        -0.224076802421523,
        0.6991455395713511,
        -0.22216292845514976,
        -0.8167414168871562,
        -0.7558220784370809,
        0.7586631115407563
      ],
      [
        0.3448508329675656,
        -0.6328939981401223,
        -0.31577453539381856,
        -0.7085409718438623,
        0.2328593802393034,
        -0.6152189534697268,
        -0.6848275347233308,
        1.0,
        0.9999999999999999,
        1.0,
        1.0,
        -0.7908661812525148
      ],
      [
        -0.8316516426892964,
        -0.9278610381790819,
        0.8424347997728845,
        0.2255428347114138,
        0.6488860271894837,
        0.30954244132649134,
        0.5663080209751377,
        0.7600839026783996,
        -0.28217343896059677,
        0.8355030487681049,
        0.7909519081717852,
        0.7700661403882963
      ],
      [
        0.9769989607036702,
        -0.0845064394434303,
        0.9999999999999999,
        0.8494550028775276,
        0.06621658203211417,
        -0.9786130903287743,
        0.11382484380433082,
        0.5799148397377796,
        0.09194478172542499,
        -0.8297477632855365,
        -0.6914766679382857,
        0.08128412580629323
      ],
      [
        -0.7583370500675279,
        0.928775646524999,
        0.7441524917953715,
        0.23389656532515696,
        -0.7626089825493237,
        0.5480915882744141,
        -0.2798692801265807,
        0.7310047456165086,
        0.40283413225495474,
        0.8696707383622722,
        0.723470076841651,
        -0.7195480757299921
      ]
    ],
    "imag": [
      [
        0.004187773022451282,
        0.024539310836709214,
        -0.0392080707037981,
        -0.1009435279065103,
        -0.14537849188653929,
        0.06005216382263236,
        -0.0,
        0.005142027036166005,
        -0.2301187384414214,
        0.3151205180372269,
        0.31115165077821405,
        -0.1544448121751535
      ],
      [
        -0.012294660631788017,
        -0.017851971949138054,
        0.0010306958682269874,
        -0.1296643727482563,
        0.2549321133651961,
        -0.0013119735525246768,
        0.053817803471966484,
        0.15982766158854977,
        0.11112394743773676,
        -0.3474266907477222,
        -0.1968841382009073,
        0.07947843642236885
      ],
      [
        0.0003664305919664716,
        0.005428726835936579,
        0.033359554652153914,
        -0.013072296139844274,
        0.22613532641457895,
        -0.04219990007180589,
        -0.012427907759590325,
        0.13932409305781127,
        0.1372091207179287,
        0.16796322327044932,
        0.1393351540832403,
        -1.7210609720090357e-17
      ],
      [
        -0.0,
        -0.00171070108704018,
        0.04622371955312702,
        0.0,
        0.21665382124426513,
        0.0,
        -0.0021107179809547495,
        0.14428152688274776,
        -0.015117220896486448,
        0.25558793422161885,
        0.19442369412546423,
        -0.13424942816192775
      ],
      [
        -0.005681501724887353,
        -0.004510855131596621,
        0.017599125405058074,
        0.001453809416274789,
        0.07713513621470809,
        0.043571548009556246,
        -0.012297914722674209,
        -0.003588159420021465,
        -0.1622355362665827,
        0.13058980076356494,
        0.11242256691228708,
        -0.12569862148231503
      ],
      [
        0.004758231962028789,
        -0.0,
        0.012805521634421287,
        0.03429206413612495,
        0.0,
        -0.1568798154619937,
        0.07375524198930854,
        -0.01928220764960941,
        -0.05318324028852479,
        -0.344179077310435,
        -0.10470331065602716,
        0.05623858601040879
      ],
      [
        0.02339378174068321,
        0.008586037463663286,
        -0.03184784348609212,
        0.17886682678466484,
        -0.10386200150029247,
        -0.15314996535232397,
        0.3027141913363015,
        -0.0,
        0.0,
        -0.0,
        -0.0,
        0.32191988213643075
      ],
      [
        -0.03892379843053127,
        0.009774575959693846,
        -0.07168698357969801,
        0.04353769476126335,
        -0.2611193551120893,
        -0.00984044765890947,
        -0.10854846507580064,
        -0.0023103304372753372,
        -0.048854431781110506,
        0.05643771705371048,
        -0.049529808198204385,
        -0.4295753989569595
      ],
      [
        0.04477523031606073,
        -0.006455738109787363,
        0.0,
        -0.05988162164808724,
        0.06642106264047591,
        0.09862591699215921,
        0.040743541561867484,
        -0.04117080647524396,
        -0.005893138245459757,
        -0.06577410738810284,
        0.1260352129137593,
        0.06883449294476779
      ],
      [
        -0.03286660738193112,
        -0.02148040625904559,
        -0.0035857882015085784,
        -0.13600767497654334,
        0.3108137334059014,
        -0.20312366605598603,
        0.11125901034453621,
        0.13718602529455085,
        0.0024728859265968593,
        0.014805442446121184,
        -0.0058497053340662445,
        0.19858638044165455
      ]
    ]
  },