{
  "Fn_oma_Hz": [
    37.109375,
    79.1015625,
    131.8359375,
    220.703125,
    249.0234375,
    368.1640625
  ],
  "Phi_oma": {
    "__complex_array__": true,
    "real": [
      [
        -0.07335602703459218,
        0.35429319211420124,
        0.16594284069500337,
        -0.4516470250901054,
        0.13344122024174768,
        0.16206013686689721
      ],
      [
        0.5253937095757276,
        0.0053598683831796185,
        -0.6952850710802034,
        -0.11903134426288667,
        1.0,
        -0.13634427473733768
      ],
      [
        -0.1817407294848813,
        0.5981553913020606,
        0.42183672047159537,
        -0.4051089700065655,
        0.017584260293562668,
        -0.20187287896070866
      ],
      [
        0.8783955530395718,
        0.22224016889065454,
        -0.504999414620374,
        -0.01327601727356109,
        0.08974156163927029,
        0.06820316803733388
      ],
      [
        -0.30797453002572256,
        0.7175918031833539,
        0.5130414802267858,
        -0.05330542130949723,
        0.1652154935782663,
        -0.5512336658064858
      ],
      [
        0.9951487555026525,
        0.4688522460766779,
        0.31061045691512107,
        0.20766297913958412,
        -0.8571165459830026,
        -0.008085216332273588
      ],
      [
        -0.425692933061053,
        0.7428760863279325,
        0.3316064356538962,
        0.3432366810447025,
        0.23419671377739468,
        -0.28702280869583274
      ],
      [
        0.8535934466830692,
        0.5416033578640435,
        0.9962015634920924,
        0.3586149337416448,
        -0.15366844295888812,
        -0.04139838670549005
      ],
      [
        -0.5087601550820476,
        0.7265593409917447,
        0.042602891619678264,
        0.6587062663858781,
        -0.18282980897520212,
        0.21434106115965473
      ],
      [
        0.4964268989770597,
        0.36640385897635197,
        0.8780026290065576,
        0.19230966834549293,
        0.818610543189578,
        0.3065445158643222
      ],
      [
        -0.5420842817965653,
        0.7135736531456693,
        -0.1068887564718268,
        0.8125725913471075,
        -0.5657305335617571,
        0.4323288256574387
      ],
      [
        -0.501401654069235,
        0.3606837670405676,
        0.3844448355102194,
        -0.9360135478841126,
        0.27974952418035653,
        1.0
      ],
      [
        0.026204101116843747,
        0.002074904178699798,
        -0.16326514993912813,
        -0.23243737654289442,
        0.4513960866688725,
        0.28477558034905437
      ],
      [
        -0.4728727845760068,
        0.3536009956279214,
        0.27608002735414683,
        -0.7743236277533949,
        0.42368451763640885,
        0.5212127023306569
      ],
      [
        0.5314037360323303,
        -0.07660596159895021,
        -0.680004078754703,
        -0.05071514357161109,
        0.8623021386034426,
        -0.009276071690373262
      ],
      [
        -0.3982623918086137,
        0.44350295999730077,
        0.03814248260199947,
        -0.5931550602408755,
        0.6574866237533179,
        -0.05621846390315448
      ],
      [
        0.8849554766163692,
        0.15870841622384319,
        -0.5131329623872123,
        -0.14078054752014177,
        0.11878064632018584,
        0.3424857411895211
      ],
      [
        -0.2992628581037223,
        0.6035714867160179,
        -0.04050027671674213,
        -0.20200282607456646,
        0.2591601323834919,
        -0.36880888616254726
      ],
      [
        1.0,
        0.4169483743833834,
        0.3110166450912379,
        0.011810621754541027,
        -0.7706093274286692,
        0.042125889338124244
      ],
      [
        -0.20152532087855246,
        0.790923893763938,
        0.13479179144844675,
        0.3404573032290423,
        -0.2826758093426818,
        -0.2994792972385067
      ],
      [
        0.8572342423009439,
        0.5053701799127267,
        1.0,
        0.15450096531373644,
        -0.03255635004433405,
        -0.2507218064962966
      ],
      [
        -0.13020546581751113,
        0.942831077531581,
        0.4120543463346275,
        0.8029521947687881,
        -0.315546817192848,
        0.17560788735312496
      ],
      [
        0.49553172617364205,
        0.34404523411595644,
        0.8718255968023724,
        0.07533543936442243,
        0.856331226840028,
        0.04084669568342116
      ],
      [
        -0.10743723369026881,
        1.0,
        0.5290036013203613,
        1.0,
        -0.22885648344014722,
        0.5274489254880415
      ],
      [
        0.02557929723354443,
        0.02633180411560965,
        0.10759907450622012,
        -0.07530423953068532,
        0.3514315722342008,
        0.043658999550970516
      ]
    ],