mode_index,frequency_Hz
1,2.9080338585955356
2,3.7874604890626067
3,4.629199082733024
4,4.809639918916225
5,5.433192779334297
6,5.9506465111989995
7,6.57705293601626
8,6.942430526503404
9,7.350788413719807
10,8.331146812046091
11,8.331528673436244
12,8.926029451971452
