{
  "run_name": "subset_1_best",
  "sensor_names": [
    "Sensor2",
    "Sensor3",
    "Sensor6"
  ],
  "Fn_oma_Hz": [
    2.9080338585955356,
    3.7874604890626067,
    4.629199082733024,
    4.809639918916225,
    5.433192779334297,
    5.9506465111989995,
    6.57705293601626,
    6.942430526503404,
    7.350788413719807,
    8.331146812046091,
    8.331528673436244,
    8.926029451971452
  ],
  "Phi_oma": {
    "__complex_array__": true,
    "real": [
      [
        1.0,
        -0.950100330405142,
        1.0,
        0.6563175097135342,
        -0.5946883576836669,
        -0.7266192592023695,
        1.0,
        1.0,
        0.966113666966981,
        1.0,
        1.0,
        -0.8688331201930943
      ],
      [
        -0.7845660277580314,
        0.2083875968301369,
        0.9835435950245652,
        1.0,
        -0.020337422513951882,
        1.0,
        -0.40933196878660216,
        0.5112544215619365,
        1.0,
        -0.5046087111812502,
        -0.5502541439822292,
        1.0
      ],
      [
        0.8888451482008435,
        1.0,
        0.7760135532294103,
        0.7193505868120355,
        1.0,
        -0.41663348615550166,
        -0.5484995482723344,
        0.9124475035296028,
        -0.45231043420400263,
        0.8390071997795703,
        0.9696989456999238,
        0.8056936753930543
      ]
    ],
    "imag": [
      [
        -0.0,
        -0.018355063986830462,
        -0.0,
        -0.08233084195355139,
        0.2542820446830239,
        -0.03515181961000731,
        -0.0,
        -0.0,
        -0.03125157978115859,
        -0.0,
        -0.0,
        0.08715776851280176
      ],
      [
        0.010046957281734268,
        0.005334188976233923,
        -0.06079837888295092,
        1.9256332558645135e-17,
        0.2215166291106989,
        0.0,
        0.097935389781976,
        0.07019866907554896,
        -0.0,
        0.11056545150117252,
        0.0214548631679727,
        0.0
      ],
      [
        -0.017047493432715385,
        0.0,
        -0.02884989543854017,
        -0.025250671832361783,
        0.0,
        -0.2006948752200573,
        0.1428124334846691,
        -0.19195903980529613,
        0.021151597959476447,
        -0.11603870187637175,
        0.00805058103696867,
        0.025258201631975393
      ]
    ]
  },
  "Phi_oma_real": [
    [
      0.6446877403881477,
      0.6811231108073523,
      -0.6231986266251544,
      -0.4717546397286359,
      -0.5302510398850445,
      0.5564392640526827,
      0.8197897347411963,
      -0.6879481117041438,
      -0.6609055828808938,
      -0.710159715712546,
      -0.6676897678273392,
      -0.5613604927535997
    ],
    [
      -0.5058621269511342,
      -0.14940117099982875,
      -0.6141557866956819,
      -0.7154561335257146,
      -0.04041600741864792,
      -0.7633741067605607,
      -0.34213168647097014,
      -0.348454227167074,
      -0.6836753642431586,
      0.3645356008099052,
      0.36742460647133207,
      0.6446146845863782
    ],
    [
      0.5731328169889586,
      -0.7167639765138838,
      -0.4841860607666534,
      -0.5153349210901004,
      0.8468768393604614,
      0.32807822016711924,
      -0.45922837447776343,
      -0.6366372964036118,
      0.30950251508485466,
      -0.6023180006618074,
      -0.6474484786437145,
      0.5189858433435733
    ]
  ],
  "FIM": [
    [
      1.0000000000000002,
      0.10388715638789144,
      -0.36859328282872206,
      -0.23756762627587824,
      0.16397149131908215,
      0.9329240156277921,
      0.43838100239358346,
      -0.6321196442270244,
      0.09715379539849084,
      -0.987444229254978,
      -0.9873915710449535,
      -0.39054056465240256
    ],
    [
      0.10388715638789144,
      1.0000000000000002,
      0.014327732778560583,
      0.15494050367499018,
      -0.9621388499573651,
      0.25789797827331123,
      0.9386509647484557,
      0.03980079182793172,
      -0.5698564200133872,
      -0.10644839508807107,
      -0.045604852037231185,
      -0.8506521506589213
    ],
    [
      -0.36859328282872206,
      0.014327732778560583,
      0.9999999999999999,
      0.9829163535327764,
      -0.05477251615023778,
      -0.03679246112335013,
      -0.07841770412335226,
      0.9509844030994181,
      0.6819018291751766,
      0.5103228908918653,
      0.5039329265067765,
      -0.297340461684257
    ],
    [
      -0.23756762627587824,
      0.15494050367499018,
      0.9829163535327764,
      1.0000000000000002,
      -0.15736094049786087,
      0.11458771861131324,
      0.09469702071691855,
      0.9019278585737996,
      0.6414275536463738,
      0.384607408690034,
      0.3857623682154606,
      -0.4638206414575438
    ],
    [
      0.16397149131908215,
      -0.9621388499573651,
      -0.05477251615023778,
      -0.15736094049786087,
      1.0,
      0.013641881323370216,
      -0.8097766368774096,
      -0.16028505114896127,
      0.6401878129307991,
      -0.14825931049603305,
      -0.2091157631524167,
      0.7111263238421938
    ],
    [
      0.9329240156277921,
      0.25789797827331123,
      -0.03679246112335013,
      0.11458771861131324,
      0.013641881323370216,
      0.9999999999999999,
      0.5666748394826924,
      -0.3256672376685836,
      0.25568728863305434,
      -0.8710452058533807,
      -0.8644249783155938,
      -0.6341772267308404
    ],
    [
      0.43838100239358346,
      0.9386509647484557,
      -0.07841770412335226,
      0.09469702071691855,
      -0.8097766368774096,
      0.5666748394826924,
      1.0000000000000002,
      -0.1523936568516887,
      -0.45002894401093435,
      -0.43029930848905446,
      -0.3757461055139008,
      -0.9190737038257911
    ],
    [
      -0.6321196442270244,
      0.03980079182793172,
      0.9509844030994181,
      0.9019278585737996,
      -0.16028505114896127,
      -0.3256672376685836,
      -0.1523936568516887,
      1.0000000000000002,
      0.49585747400441516,
      0.744987167894259,
      0.7434951066952279,
      -0.16883756494094787
    ],
    [
      0.09715379539849084,
      -0.5698564200133872,
      0.6819018291751766,
      0.6414275536463738,
      0.6401878129307991,
      0.25568728863305434,
      -0.45002894401093435,
      0.49585747400441516,
      1.0000000000000002,
      0.03370557510250892,
      -0.010306188999743268,
      0.09092652819681303
    ],
    [
      -0.987444229254978,
      -0.10644839508807107,
      0.5103228908918653,
      0.384607408690034,
      -0.14825931049603305,
      -0.8710452058533807,
      -0.43029930848905446,
      0.744987167894259,
      0.03370557510250892,
      0.9999999999999998,
      0.99807559856502,
      0.32104609374825094
    ],
    [
      -0.9873915710449535,
      -0.045604852037231185,
      0.5039329265067765,
      0.3857623682154606,
      -0.2091157631524167,
      -0.8644249783155938,
      -0.3757461055139008,
      0.7434951066952279,
      -0.010306188999743268,
      0.99807559856502,
      0.9999999999999998,
      0.2756453591734619
    ],
    [
      -0.39054056465240256,
      -0.8506521506589213,
      -0.297340461684257,
      -0.4638206414575438,
      0.7111263238421938,
      -0.6341772267308404,
      -0.9190737038257911,
      -0.16883756494094787,
      0.09092652819681303,
      0.32104609374825094,
      0.2756453591734619,
      1.0000000000000002
    ]
  ],
  "detFIM": 0.0,
  "Ed": {
    "__complex_array__": true,
    "real": [
      1.0000000000000078,
      0.9999999999999927,
      0.9999999999999901
    ],
    "imag": [
      0.0,
      0.0,
      0.0
    ]
  }
}