{
  "run_name": "subset_38",
  "sensor_names": [
    "Sensor1",
    "Sensor2",
    "Sensor8"
  ],
  "Fn_oma_Hz": [
    14.39553716705936,
    4.810138605576669,
    4.31286225536366,
    5.2149051526116095,
    6.578039807426681,
    6.577856338260153,
    7.351274250198178,
    8.929087595130786,
    9.614775450666926
  ],
  "Phi_oma": {
    "__complex_array__": true,
    "real": [
      [
        -0.40651995480783554,
        -0.6235868945105023,
        0.32380436243138544,
        0.23980407293094835,
        1.0,
        1.0,
        1.0,
        -0.9948458010938469,
        1.0
      ],
      [
        1.0,
        1.0,
        1.0,
        1.0,
        0.570673959776532,
        0.6310676675520208,
        -0.4775904992695134,
        1.0,
        -0.8211109216364647
      ],
      [
        0.9087254385538325,
        0.9751117755625194,
        -0.8683537101224418,
        -0.7222495316358919,
        0.5774102952784766,
        0.7533452498430596,
        0.4430734424797406,
        -0.8757927689598375,
        0.807788655422032
      ]
    ],
    "imag": [
      [
        0.0010169885562448353,
        -0.014157277639424466,
        0.05369704768556848,
        -0.18065680034139903,
        -0.0,
        -0.0,
        -0.0,
        0.026271723626926303,
        -0.0
      ],
      [
        0.0,
        0.0,
        -0.0,
        -0.0,
        0.05363432470358729,
        0.15028957758569114,
        0.06431010354317791,
        0.0,
        0.031041925382900303
      ],
      [
        0.029985379050151004,
        -0.029122248198947865,
        0.09472134824522743,
        0.4004895440836585,
        -0.10107443719447644,
        -0.013930546552898401,
        -0.07430649345255359,
        0.2884149410821462,
        -0.3352437941931787
      ]
    ]
  },
  "Phi_oma_real": [
    [
      -0.2880369935079646,
      -0.4075713570817739,
      -0.2358251385218877,
      -0.21292526684025198,
      -0.7761479982348031,
      -0.7119055587519255,
      0.8362011853250408,
      -0.5945489636901201,
      -0.6446032870370492
    ],
    [
      0.7085672055441108,
      0.6537161010573637,
      -0.7325560632287005,
      -0.7579951181041091,
      -0.44222573656784864,
      -0.453896547030844,
      -0.40177578430419975,
      0.5960054347393076,
      0.5319230399250768
    ],
    [
      0.6441794824412702,
      0.6376055584018069,
      0.6385515783928507,
      0.6165275595391866,
      -0.44947823390363617,
      -0.5358809569406114,
      0.37328782033136554,
      -0.5397120079599985,
      -0.549130660169232
    ]
  ],
  "FIM": [
    [
      1.0000000000000002,
      0.991329837892156,
      -0.03979701345174869,
      -0.07860572473382695,
      -0.3793319745354495,
      -0.4617645886233896,
      -0.28507766522585243,
      0.24589059942190172,
      0.20883411030729446
    ],
    [
      0.991329837892156,
      1.0,
      0.024375913991094185,
      -0.0156299743943675,
      -0.25934421167707983,
      -0.348247843100836,
      -0.36544856198394693,
      0.2878161007780284,
      0.26031973098670796
    ],
    [
      -0.03979701345174869,
      0.024375913991094185,
      1.0000000000000004,
      0.9991716964787722,
      0.21997531812336604,
      0.1582022637280918,
      0.33548955335648395,
      -0.6410317577757019,
      -0.5882980384059521
    ],
    [
      -0.07860572473382695,
      -0.0156299743943675,
      0.9991716964787722,
      1.0,
      0.22335075043550348,
      0.16524866924988524,
      0.3566379514321628,
      -0.6579220402741701,
      -0.6044969263541171
    ],
    [
      -0.3793319745354495,
      -0.25934421167707983,
      0.21997531812336604,
      0.22335075043550348,
      1.0,
      0.9941356353021106,
      -0.6391250341828303,
      0.44047784579907756,
      0.5118997720763079
    ],
    [
      -0.4617645886233896,
      -0.348247843100836,
      0.1582022637280918,
      0.16524866924988524,
      0.9941356353021106,
      1.0,
      -0.6129694652650074,
      0.4419592906593474,
      0.5117272957802139
    ],
    [
      -0.28507766522585243,
      -0.36544856198394693,
      0.33548955335648395,
      0.3566379514321628,
      -0.6391250341828303,
      -0.6129694652650074,
      1.0,
      -0.9380910182214565,
      -0.9577156164518664
    ],
    [
      0.24589059942190172,
      0.2878161007780284,
      -0.6410317577757019,
      -0.6579220402741701,
      0.44047784579907756,
      0.4419592906593474,
      -0.9380910182214565,
      1.0000000000000002,
      0.9966496501898577
    ],
    [
      0.20883411030729446,
      0.26031973098670796,
      -0.5882980384059521,
      -0.6044969263541171,
      0.5118997720763079,
      0.5117272957802139,
      -0.9577156164518664,
      0.9966496501898577,
      0.9999999999999998
    ]
  ],
  "detFIM": 8.526030946721348e-96,
  "Ed": {
    "__complex_array__": true,
    "real": [
      1.0000000000000009,
      0.9999999999999999,
      1.0
    ],
    "imag": [
      0.0,
      0.0,
      0.0
    ]
  }
}